ITEM_NAME,RECOMMENDATION 1,RECOMMENDATION 2,RECOMMENDATION 3,RECOMMENDATION 4
Tena lady - extra plus duo pack x16,Tena Lady Mini X20,Tena lady - extra duo pack x20,TENA LADY MAXI NIGHT x6,Tena Lady Discreet Normal x16pc
Tena Lady Mini X20,Tena lady - extra plus duo pack x16,Tena lady - extra duo pack x20,TENA LADY MAXI NIGHT x6,Tena Lady Discreet Normal x16pc
Tena lady - extra duo pack x20,Tena lady - extra plus duo pack x16,Tena Lady Mini X20,TENA LADY MAXI NIGHT x6,Tena Lady Discreet Normal x16pc
TENA LADY MAXI NIGHT x6,Tena lady - extra plus duo pack x16,Tena Lady Mini X20,Tena lady - extra duo pack x20,Tena Lady Discreet Normal x16pc
Tena Lady Discreet Normal x16pc,Tena lady - extra plus duo pack x16,Tena Lady Mini X20,Tena lady - extra duo pack x20,TENA LADY MAXI NIGHT x6
TENA Lady Discreet Normal Pads x12,Tena lady - extra plus duo pack x16,Tena Lady Mini X20,Tena lady - extra duo pack x20,TENA LADY MAXI NIGHT x6
TENA LADY EXTRA X10,Tena lady - extra plus duo pack x16,Tena Lady Mini X20,Tena lady - extra duo pack x20,TENA LADY MAXI NIGHT x6
Always Discreet Sensitv Bladder Pad L+ 8,Tena lady - extra plus duo pack x16,Tena Lady Mini X20,Tena lady - extra duo pack x20,TENA LADY MAXI NIGHT x6
Comfort Pad Long Plus x8,Tena lady - extra plus duo pack x16,Tena Lady Mini X20,Tena lady - extra duo pack x20,TENA LADY MAXI NIGHT x6
TENA Lady Maxi Night x 12 Duo,Tena lady - extra plus duo pack x16,Tena Lady Mini X20,Tena lady - extra duo pack x20,TENA LADY MAXI NIGHT x6
lights by TENA Long Liner Duo x40,Tena lady - extra plus duo pack x16,Tena Lady Mini X20,Tena lady - extra duo pack x20,TENA LADY MAXI NIGHT x6
Chicken Liver 400g,FRESH PIGS LIVER CW,Lambs Liver CW,Cooking Bacon 500g,
FRESH PIGS LIVER CW,Chicken Liver 400g,Lambs Liver CW,Cooking Bacon 500g,
Lambs Liver CW,Chicken Liver 400g,FRESH PIGS LIVER CW,Cooking Bacon 500g,
AHarriott Spice Sensation Couscous 100g,BEANS IN TOMATO SAUCE 400G,Hubbards Spaghetti Rings 400g,Hubbards White Rice 1kg,Winders Strawberry Blackcurrant 5x17g
Caminada Malbec 75cl,WS Mulled Wine 75cl,House Sauvignon Blanc 75cl,House Malbec 225cl,House Soave 75cl
Ovaltine Malted Original Drink 300g,Daily's Oats 1kg,Rice Pops 375g,Corn Flakes 500g,Nestle Cheerios Honey 370g
6 Wholemeal Muffins,White Bread Medium 800g,Soft White Farmhouse 800g,Wholemeal Medium 800g,8 Wholemeal Tortilla Wraps
Brandy 70cl,Courvoisier VS Cognac 70cl,Triple Distilled British Vodka 1L,Sainsbury's Vodka 70cl,Triple Distilled British Vodka 1.5L
Courvoisier VS Cognac 70cl,Brandy 70cl,Triple Distilled British Vodka 1L,Sainsbury's Vodka 70cl,Triple Distilled British Vodka 1.5L
Charlie Bigham's Thai Red Curry 835g,Steak & Kidney Puff Pastry Pie 150g,Chicken Casserole 400g,"Pub Fish, Chips and Peas 450g",Cod in Parsley Sauce 400g
Trebor Softmints Spearmint Mints 4x44.9g,Mentos Mint 5pk,Cadbury Delights Hazelnut 5pk 110g,Kit Kat dark choc 2 finger 9pk,McVitie's Club  Mint x7
Mentos Mint 5pk,Trebor Softmints Spearmint Mints 4x44.9g,Cadbury Delights Hazelnut 5pk 110g,Kit Kat dark choc 2 finger 9pk,McVitie's Club  Mint x7
Mixed Vegetables 1kg,Peas 850g,Sweetcorn 950g,Stuffed Crust Pepperoni Pizza 424g,Chips 1.5 kg
Peas 850g,Mixed Vegetables 1kg,Sweetcorn 950g,Stuffed Crust Pepperoni Pizza 424g,Chips 1.5 kg
Sweetcorn 950g,Mixed Vegetables 1kg,Peas 850g,Stuffed Crust Pepperoni Pizza 424g,Chips 1.5 kg
Diet Pepsi Caffeine Free 2L,Pepsi Max cherry 1.25L,Coke 24x330ml,Pepsi Max Cherry 24x330ml,Tango Paradise Punch 8x330ml
Coke 24x330ml,Diet Pepsi Caffeine Free 2L,Pepsi Max Cherry 24x330ml,Pepsi Max cherry 1.25L,Tango Paradise Punch 8x330ml
Pepsi Max Cherry 24x330ml,Diet Pepsi Caffeine Free 2L,Coke 24x330ml,Pepsi Max cherry 1.25L,Tango Paradise Punch 8x330ml
Pepsi Max cherry 1.25L,Diet Pepsi Caffeine Free 2L,Coke 24x330ml,Pepsi Max Cherry 24x330ml,Tango Paradise Punch 8x330ml
BEANS IN TOMATO SAUCE 400G,Hubbards Spaghetti Rings 400g,AHarriott Spice Sensation Couscous 100g,Hubbards White Rice 1kg,Winders Strawberry Blackcurrant 5x17g
Hubbards Spaghetti Rings 400g,BEANS IN TOMATO SAUCE 400G,AHarriott Spice Sensation Couscous 100g,Hubbards White Rice 1kg,Winders Strawberry Blackcurrant 5x17g
Felix AGAIL senior meat selectn 12x100g,Felix soup farm selection 6x48g,Purina One senior cat beef/chkn 8x85g,Felix soup fish selection 6x48g,Felix AGAIL d/delics ocean 12x100g
Felix soup farm selection 6x48g,Felix AGAIL senior meat selectn 12x100g,Purina One senior cat beef/chkn 8x85g,Felix soup fish selection 6x48g,Felix AGAIL d/delics ocean 12x100g
Whiskas 2-12mths Kit Pouch fish 12x85g,1+ meat &fish selctn in jelly 48x100g,Whiskas 7+ Cat Pouch Poultry JEL 12x85g,7+ meat&fish selctn in jelly 12x100g,Whiskas 1+ Cat Pouch Poultry jel 40x85g
Purina One senior cat beef/chkn 8x85g,Felix AGAIL senior meat selectn 12x100g,Felix soup farm selection 6x48g,Felix soup fish selection 6x48g,Felix AGAIL d/delics ocean 12x100g
Gourmet Perle chef's collection 12x85g,Gourmet Perle ocean delicacies 12x85g,Gourmet mon petit cod/sard/salmon 6x50g,Gourmet Gold ocean fish paté 85g,Gourmet Perle country medley 12x85g
Gourmet Perle ocean delicacies 12x85g,Gourmet Perle chef's collection 12x85g,Gourmet mon petit cod/sard/salmon 6x50g,Gourmet Gold ocean fish paté 85g,Gourmet Perle country medley 12x85g
Gourmet mon petit cod/sard/salmon 6x50g,Gourmet Perle chef's collection 12x85g,Gourmet Perle ocean delicacies 12x85g,Gourmet Gold ocean fish paté 85g,Gourmet Perle country medley 12x85g
1+ meat &fish selctn in jelly 48x100g,Whiskas 2-12mths Kit Pouch fish 12x85g,Whiskas 7+ Cat Pouch Poultry JEL 12x85g,7+ meat&fish selctn in jelly 12x100g,Whiskas 1+ Cat Pouch Poultry jel 40x85g
Gourmet Gold ocean fish paté 85g,Gourmet Perle chef's collection 12x85g,Gourmet Perle ocean delicacies 12x85g,Gourmet mon petit cod/sard/salmon 6x50g,Gourmet Perle country medley 12x85g
Gourmet Perle country medley 12x85g,Gourmet Perle chef's collection 12x85g,Gourmet Perle ocean delicacies 12x85g,Gourmet mon petit cod/sard/salmon 6x50g,Gourmet Gold ocean fish paté 85g
Gourmet Perle connoisseur's duo 12x85g,Gourmet Perle chef's collection 12x85g,Gourmet Perle ocean delicacies 12x85g,Gourmet mon petit cod/sard/salmon 6x50g,Gourmet Gold ocean fish paté 85g
Gourmet Gold Delights chicken 8x85g,Gourmet Perle chef's collection 12x85g,Gourmet Perle ocean delicacies 12x85g,Gourmet mon petit cod/sard/salmon 6x50g,Gourmet Gold ocean fish paté 85g
Gourmet Gold savoury cake meat/fsh 8x85g,Gourmet Perle chef's collection 12x85g,Gourmet Perle ocean delicacies 12x85g,Gourmet mon petit cod/sard/salmon 6x50g,Gourmet Gold ocean fish paté 85g
Gourmet Gold senior salmon 8x85g,Gourmet Perle chef's collection 12x85g,Gourmet Perle ocean delicacies 12x85g,Gourmet mon petit cod/sard/salmon 6x50g,Gourmet Gold ocean fish paté 85g
Felix soup fish selection 6x48g,Felix AGAIL senior meat selectn 12x100g,Felix soup farm selection 6x48g,Purina One senior cat beef/chkn 8x85g,Felix AGAIL d/delics ocean 12x100g
Sheba select slices gravy collctn 12x85g,Gourmet Perle chef's collection 12x85g,Gourmet Perle ocean delicacies 12x85g,Gourmet mon petit cod/sard/salmon 6x50g,Gourmet Gold ocean fish paté 85g
Whiskas 7+ Cat Pouch Poultry JEL 12x85g,Whiskas 2-12mths Kit Pouch fish 12x85g,1+ meat &fish selctn in jelly 48x100g,7+ meat&fish selctn in jelly 12x100g,Whiskas 1+ Cat Pouch Poultry jel 40x85g
Felix AGAIL d/delics ocean 12x100g,Felix AGAIL senior meat selectn 12x100g,Felix soup farm selection 6x48g,Purina One senior cat beef/chkn 8x85g,Felix soup fish selection 6x48g
Felix AGAIL ocean feasts jelly 12x100g,Felix AGAIL senior meat selectn 12x100g,Felix soup farm selection 6x48g,Purina One senior cat beef/chkn 8x85g,Felix soup fish selection 6x48g
Gourmet mon petit poultry 6x50g,Gourmet Perle chef's collection 12x85g,Gourmet Perle ocean delicacies 12x85g,Gourmet mon petit cod/sard/salmon 6x50g,Gourmet Gold ocean fish paté 85g
Felix AGAIL d/delics meaty 12x100g,Felix AGAIL senior meat selectn 12x100g,Felix soup farm selection 6x48g,Purina One senior cat beef/chkn 8x85g,Felix soup fish selection 6x48g
7+ meat&fish selctn in jelly 12x100g,Whiskas 2-12mths Kit Pouch fish 12x85g,1+ meat &fish selctn in jelly 48x100g,Whiskas 7+ Cat Pouch Poultry JEL 12x85g,Whiskas 1+ Cat Pouch Poultry jel 40x85g
1+ comn fish selectn in jelly 6x400g,1+ comn meat selectn in jelly 6x400g,Felix AGAIL senior meat selectn 12x100g,Felix soup farm selection 6x48g,Whiskas 2-12mths Kit Pouch fish 12x85g
Whiskas 1+ Cat Pouch Poultry jel 40x85g,Whiskas 2-12mths Kit Pouch fish 12x85g,1+ meat &fish selctn in jelly 48x100g,Whiskas 7+ Cat Pouch Poultry JEL 12x85g,7+ meat&fish selctn in jelly 12x100g
Whiskas 1+ Cat Pouch Fish jelly 40x85g,Whiskas 2-12mths Kit Pouch fish 12x85g,1+ meat &fish selctn in jelly 48x100g,Whiskas 7+ Cat Pouch Poultry JEL 12x85g,7+ meat&fish selctn in jelly 12x100g
Felix AGAIL vegetable selection 12x100g,Felix AGAIL senior meat selectn 12x100g,Felix soup farm selection 6x48g,Purina One senior cat beef/chkn 8x85g,Felix soup fish selection 6x48g
Sheba fine flakes fish selectn ij 12x85g,Gourmet Perle chef's collection 12x85g,Gourmet Perle ocean delicacies 12x85g,Gourmet mon petit cod/sard/salmon 6x50g,Gourmet Gold ocean fish paté 85g
Felix AGAIL senior 40x100g,Felix AGAIL senior meat selectn 12x100g,Felix soup farm selection 6x48g,Purina One senior cat beef/chkn 8x85g,Felix soup fish selection 6x48g
Sheba fresh & fine fish in gravy 6x50g,Gourmet Perle chef's collection 12x85g,Gourmet Perle ocean delicacies 12x85g,Gourmet mon petit cod/sard/salmon 6x50g,Gourmet Gold ocean fish paté 85g
Whiskas 7+ Cat Pouch fish jelly 12x85g,Whiskas 2-12mths Kit Pouch fish 12x85g,1+ meat &fish selctn in jelly 48x100g,Whiskas 7+ Cat Pouch Poultry JEL 12x85g,7+ meat&fish selctn in jelly 12x100g
Gourmet mon petit beef/chkn/lamb 6x50g,Gourmet Perle chef's collection 12x85g,Gourmet Perle ocean delicacies 12x85g,Gourmet mon petit cod/sard/salmon 6x50g,Gourmet Gold ocean fish paté 85g
Sheba fine flakes poultry collctn 12x85g,Gourmet Perle chef's collection 12x85g,Gourmet Perle ocean delicacies 12x85g,Gourmet mon petit cod/sard/salmon 6x50g,Gourmet Gold ocean fish paté 85g
Felix AGAIL ocean feasts 40x100g,Felix AGAIL senior meat selectn 12x100g,Felix soup farm selection 6x48g,Purina One senior cat beef/chkn 8x85g,Felix soup fish selection 6x48g
1+ comn meat & fish in jelly 12x100g,Whiskas 2-12mths Kit Pouch fish 12x85g,1+ meat &fish selctn in jelly 48x100g,Whiskas 7+ Cat Pouch Poultry JEL 12x85g,7+ meat&fish selctn in jelly 12x100g
Felix AGAIL d/delics fish selctn 12x100g,Felix AGAIL senior meat selectn 12x100g,Felix soup farm selection 6x48g,Purina One senior cat beef/chkn 8x85g,Felix soup fish selection 6x48g
Felix AGAIL meaty selectn in jly 12x100g,Felix AGAIL senior meat selectn 12x100g,Felix soup farm selection 6x48g,Purina One senior cat beef/chkn 8x85g,Felix soup fish selection 6x48g
Felix AGAIL senior fish selectn 12x100g,Felix AGAIL senior meat selectn 12x100g,Felix soup farm selection 6x48g,Purina One senior cat beef/chkn 8x85g,Felix soup fish selection 6x48g
Gourmet mon petit tuna/salmn/trout 6x50g,Gourmet Perle chef's collection 12x85g,Gourmet Perle ocean delicacies 12x85g,Gourmet mon petit cod/sard/salmon 6x50g,Gourmet Gold ocean fish paté 85g
Felix AGAIL mixed selectn jelly 40x100g,Felix AGAIL senior meat selectn 12x100g,Felix soup farm selection 6x48g,Purina One senior cat beef/chkn 8x85g,Felix soup fish selection 6x48g
1+ comn meat selectn in jelly 6x400g,1+ comn fish selectn in jelly 6x400g,Felix AGAIL senior meat selectn 12x100g,Felix soup farm selection 6x48g,Whiskas 2-12mths Kit Pouch fish 12x85g
Large Kiwi Fruit,Easy Peelers 600g,Easy Peeler Single,ORANGES SINGLE,Oranges x5
WS Mulled Wine 75cl,Caminada Malbec 75cl,House Sauvignon Blanc 75cl,House Malbec 225cl,House Soave 75cl
Birra Moretti 660ml,Peroni Nastro Azzurro 620ml,Peroni 18x330ml,Birra Moretti Can 10x330ml,Kronenbourg 1664 15x440ml
Peroni Nastro Azzurro 620ml,Birra Moretti 660ml,Peroni 18x330ml,Birra Moretti Can 10x330ml,Kronenbourg 1664 15x440ml
Peroni 18x330ml,Birra Moretti Can 10x330ml,Birra Moretti 660ml,Peroni Nastro Azzurro 620ml,Kronenbourg 1664 15x440ml
Birra Moretti Can 10x330ml,Peroni 18x330ml,Birra Moretti 660ml,Peroni Nastro Azzurro 620ml,Kronenbourg 1664 15x440ml
meaty rolls x15 135g,Good Boy chicken bites 65g,doggy donuts with chicken 200g,biscuit rolls with beef 550g,mini log bones with chicken 200g
Good Boy chicken bites 65g,meaty rolls x15 135g,doggy donuts with chicken 200g,biscuit rolls with beef 550g,mini log bones with chicken 200g
doggy donuts with chicken 200g,meaty rolls x15 135g,Good Boy chicken bites 65g,biscuit rolls with beef 550g,mini log bones with chicken 200g
biscuit rolls with beef 550g,meaty rolls x15 135g,Good Boy chicken bites 65g,doggy donuts with chicken 200g,mini log bones with chicken 200g
mini log bones with chicken 200g,meaty rolls x15 135g,Good Boy chicken bites 65g,doggy donuts with chicken 200g,biscuit rolls with beef 550g
Bakers allsorts 98g,meaty rolls x15 135g,Good Boy chicken bites 65g,doggy donuts with chicken 200g,biscuit rolls with beef 550g
Pedigree mini markies 500g,meaty rolls x15 135g,Good Boy chicken bites 65g,doggy donuts with chicken 200g,biscuit rolls with beef 550g
Bakers sizzlers bacon 90g,meaty rolls x15 135g,Good Boy chicken bites 65g,doggy donuts with chicken 200g,biscuit rolls with beef 550g
deli tripe sticks x15 90g,meaty rolls x15 135g,Good Boy chicken bites 65g,doggy donuts with chicken 200g,biscuit rolls with beef 550g
Pedigree tasty minis cubes chk/duck 130g,meaty rolls x15 135g,Good Boy chicken bites 65g,doggy donuts with chicken 200g,biscuit rolls with beef 550g
Wagg steaklets dog treats 125g,meaty rolls x15 135g,Good Boy chicken bites 65g,doggy donuts with chicken 200g,biscuit rolls with beef 550g
dental sticks for large dogs x14 540g,meaty rolls x15 135g,Good Boy chicken bites 65g,doggy donuts with chicken 200g,biscuit rolls with beef 550g
Good Boy chewy chicken dumbbells 100g,meaty rolls x15 135g,Good Boy chicken bites 65g,doggy donuts with chicken 200g,biscuit rolls with beef 550g
minty fresh dental sticks large 540g,meaty rolls x15 135g,Good Boy chicken bites 65g,doggy donuts with chicken 200g,biscuit rolls with beef 550g
dental sticks for small dogs x14 220g,meaty rolls x15 135g,Good Boy chicken bites 65g,doggy donuts with chicken 200g,biscuit rolls with beef 550g
log bones with chicken x2 200g,meaty rolls x15 135g,Good Boy chicken bites 65g,doggy donuts with chicken 200g,biscuit rolls with beef 550g
Dentalife ActivFresh dental small x7,meaty rolls x15 135g,Good Boy chicken bites 65g,doggy donuts with chicken 200g,biscuit rolls with beef 550g
dog biscuits bone selection 650g,meaty rolls x15 135g,Good Boy chicken bites 65g,doggy donuts with chicken 200g,biscuit rolls with beef 550g
Misfits twistos with beef 105g,meaty rolls x15 135g,Good Boy chicken bites 65g,doggy donuts with chicken 200g,biscuit rolls with beef 550g
meaty strips beef x20 200g,meaty rolls x15 135g,Good Boy chicken bites 65g,doggy donuts with chicken 200g,biscuit rolls with beef 550g
twister with chicken & game x8 120g,meaty rolls x15 135g,Good Boy chicken bites 65g,doggy donuts with chicken 200g,biscuit rolls with beef 550g
Pedigree tasty minis puppy 125g,meaty rolls x15 135g,Good Boy chicken bites 65g,doggy donuts with chicken 200g,biscuit rolls with beef 550g
Wagg training treats 125g,meaty rolls x15 135g,Good Boy chicken bites 65g,doggy donuts with chicken 200g,biscuit rolls with beef 550g
training treats rich in chicken 125g,meaty rolls x15 135g,Good Boy chicken bites 65g,doggy donuts with chicken 200g,biscuit rolls with beef 550g
Bonio original 1.2kg,Winalot shapes 800g,biscuit selection for dogs 800g,meaty rolls x15 135g,Good Boy chicken bites 65g
minty fresh dental sticks medium 360g,meaty rolls x15 135g,Good Boy chicken bites 65g,doggy donuts with chicken 200g,biscuit rolls with beef 550g
gravy bones 400g,meaty rolls x15 135g,Good Boy chicken bites 65g,doggy donuts with chicken 200g,biscuit rolls with beef 550g
Bakers whirlers 130g,meaty rolls x15 135g,Good Boy chicken bites 65g,doggy donuts with chicken 200g,biscuit rolls with beef 550g
Good Boy chicken strips 100g,meaty rolls x15 135g,Good Boy chicken bites 65g,doggy donuts with chicken 200g,biscuit rolls with beef 550g
Wagg low fat treats 125g,meaty rolls x15 135g,Good Boy chicken bites 65g,doggy donuts with chicken 200g,biscuit rolls with beef 550g
mini log bones with chicken x4 180g,meaty rolls x15 135g,Good Boy chicken bites 65g,doggy donuts with chicken 200g,biscuit rolls with beef 550g
Pedigree dentastix medium dog x28 720g,meaty rolls x15 135g,Good Boy chicken bites 65g,doggy donuts with chicken 200g,biscuit rolls with beef 550g
deli sausages for dogs x8 60g,meaty rolls x15 135g,Good Boy chicken bites 65g,doggy donuts with chicken 200g,biscuit rolls with beef 550g
Winalot shapes 800g,Bonio original 1.2kg,biscuit selection for dogs 800g,meaty rolls x15 135g,Good Boy chicken bites 65g
Good Boy chicken & calcium bones 100g,meaty rolls x15 135g,Good Boy chicken bites 65g,doggy donuts with chicken 200g,biscuit rolls with beef 550g
Pedigree dentastix small dog x7 110g,meaty rolls x15 135g,Good Boy chicken bites 65g,doggy donuts with chicken 200g,biscuit rolls with beef 550g
Pedigree tasty minis beef & cheese 140g,meaty rolls x15 135g,Good Boy chicken bites 65g,doggy donuts with chicken 200g,biscuit rolls with beef 550g
White Bread Medium 800g,Soft White Farmhouse 800g,Wholemeal Medium 800g,6 Wholemeal Muffins,8 Wholemeal Tortilla Wraps
Soft White Farmhouse 800g,White Bread Medium 800g,Wholemeal Medium 800g,6 Wholemeal Muffins,8 Wholemeal Tortilla Wraps
Wholemeal Medium 800g,White Bread Medium 800g,Soft White Farmhouse 800g,6 Wholemeal Muffins,8 Wholemeal Tortilla Wraps
Cadbury Delights Hazelnut 5pk 110g,Trebor Softmints Spearmint Mints 4x44.9g,Mentos Mint 5pk,Kit Kat dark choc 2 finger 9pk,McVitie's Club  Mint x7
Felix AGAIL meat selct pork/duck 12x100g,Felix AGAIL senior meat selectn 12x100g,Felix soup farm selection 6x48g,Purina One senior cat beef/chkn 8x85g,Felix soup fish selection 6x48g
Felix AGAIL kitten mixed selectn 12x100g,Felix AGAIL senior meat selectn 12x100g,Felix soup farm selection 6x48g,Purina One senior cat beef/chkn 8x85g,Felix soup fish selection 6x48g
Whiskas 1+ Cat Pouch Poultry jel 12x85g,Whiskas 2-12mths Kit Pouch fish 12x85g,1+ meat &fish selctn in jelly 48x100g,Whiskas 7+ Cat Pouch Poultry JEL 12x85g,7+ meat&fish selctn in jelly 12x100g
Felix mixed selection jelly 40x100g,Felix AGAIL senior meat selectn 12x100g,Felix soup farm selection 6x48g,Purina One senior cat beef/chkn 8x85g,Felix soup fish selection 6x48g
Felix AGAIL d/delics senior 12x100g,Felix AGAIL senior meat selectn 12x100g,Felix soup farm selection 6x48g,Purina One senior cat beef/chkn 8x85g,Felix soup fish selection 6x48g
Felix AGAIL favourites selection 12x100g,Felix AGAIL senior meat selectn 12x100g,Felix soup farm selection 6x48g,Purina One senior cat beef/chkn 8x85g,Felix soup fish selection 6x48g
Gourmet Revelations mousse chicken 4x57g,Gourmet Perle chef's collection 12x85g,Gourmet Perle ocean delicacies 12x85g,Gourmet mon petit cod/sard/salmon 6x50g,Gourmet Gold ocean fish paté 85g
Hubbards White Rice 1kg,AHarriott Spice Sensation Couscous 100g,BEANS IN TOMATO SAUCE 400G,Hubbards Spaghetti Rings 400g,Winders Strawberry Blackcurrant 5x17g
Winders Strawberry Blackcurrant 5x17g,AHarriott Spice Sensation Couscous 100g,BEANS IN TOMATO SAUCE 400G,Hubbards Spaghetti Rings 400g,Hubbards White Rice 1kg
Raspberry Trifle 135g,Lemon Cheesecakes 3x100g,RASPBERRY TURNOVERS 2X65G,GU CHOCOLATE GANACHE MOUSSE 2x70g,Activia Fibre Walnut & Oat Breakfast Gu
Lemon Cheesecakes 3x100g,Raspberry Trifle 135g,RASPBERRY TURNOVERS 2X65G,GU CHOCOLATE GANACHE MOUSSE 2x70g,Activia Fibre Walnut & Oat Breakfast Gu
Smoked Salmon & Cream Cheese SW,"Bacon, Lettuce & Tomato BLT SW",Smoked Ham & Cheddar SW,Bernard Matthews Turkey Chunks 80g,4 boneless cooked chicken breast 480g
"Bacon, Lettuce & Tomato BLT SW",Smoked Salmon & Cream Cheese SW,Smoked Ham & Cheddar SW,Bernard Matthews Turkey Chunks 80g,4 boneless cooked chicken breast 480g
Smoked Ham & Cheddar SW,Smoked Salmon & Cream Cheese SW,"Bacon, Lettuce & Tomato BLT SW",Bernard Matthews Turkey Chunks 80g,4 boneless cooked chicken breast 480g
milky bones for small dogs 400g,meaty rolls x15 135g,Good Boy chicken bites 65g,doggy donuts with chicken 200g,biscuit rolls with beef 550g
Good Boy chewy lamb strips 80g,meaty rolls x15 135g,Good Boy chicken bites 65g,doggy donuts with chicken 200g,biscuit rolls with beef 550g
biscuit selection for dogs 800g,Bonio original 1.2kg,Winalot shapes 800g,meaty rolls x15 135g,Good Boy chicken bites 65g
dental sticks medium dogs x14 360g,meaty rolls x15 135g,Good Boy chicken bites 65g,doggy donuts with chicken 200g,biscuit rolls with beef 550g
Good Boy chewy twists with chicken 90g,meaty rolls x15 135g,Good Boy chicken bites 65g,doggy donuts with chicken 200g,biscuit rolls with beef 550g
Good Boy pigs in blankets 80g,meaty rolls x15 135g,Good Boy chicken bites 65g,doggy donuts with chicken 200g,biscuit rolls with beef 550g
small biscuit bones for dogs 800g,meaty rolls x15 135g,Good Boy chicken bites 65g,doggy donuts with chicken 200g,biscuit rolls with beef 550g
meaty strips chicken x20 200g,meaty rolls x15 135g,Good Boy chicken bites 65g,doggy donuts with chicken 200g,biscuit rolls with beef 550g
Stuffed Crust Pepperoni Pizza 424g,Mixed Vegetables 1kg,Peas 850g,Sweetcorn 950g,Chips 1.5 kg
Hubbard's Pasta Sauce 440g,Flame Grilled Pizza Bases x2 300g,AHarriott Spice Sensation Couscous 100g,BEANS IN TOMATO SAUCE 400G,Hubbards Spaghetti Rings 400g
Flame Grilled Pizza Bases x2 300g,Hubbard's Pasta Sauce 440g,AHarriott Spice Sensation Couscous 100g,BEANS IN TOMATO SAUCE 400G,Hubbards Spaghetti Rings 400g
SOFT CREAM CHEESE 200G,GREEK STYLE SALAD CHEESE 200G,Oatly Oat Drink Skinny 1l,Arctic Coffee Latte 330ml,Anchor Spreadable 250G
Original Dry Cider 2lt,Original Dry Cider 4x440ml,Thatchers Gold 10x440ml,Strongbow 18x440ml,Birra Moretti 660ml
Original Dry Cider 4x440ml,Original Dry Cider 2lt,Thatchers Gold 10x440ml,Strongbow 18x440ml,Birra Moretti 660ml
Thatchers Gold 10x440ml,Original Dry Cider 2lt,Original Dry Cider 4x440ml,Strongbow 18x440ml,Birra Moretti 660ml
Strongbow 18x440ml,Original Dry Cider 2lt,Original Dry Cider 4x440ml,Thatchers Gold 10x440ml,Birra Moretti 660ml
Walkers Meaty 20pk,Walkers Variety 20pk,Walkers Cheese&Onion 12pk,Mini Cheds Nibblies Cheese & Chive 6pk,WALKERS MONSTER MUNCH 12pk
Walkers Variety 20pk,Walkers Meaty 20pk,Walkers Cheese&Onion 12pk,Mini Cheds Nibblies Cheese & Chive 6pk,WALKERS MONSTER MUNCH 12pk
Walkers Cheese&Onion 12pk,Walkers Meaty 20pk,Walkers Variety 20pk,Mini Cheds Nibblies Cheese & Chive 6pk,WALKERS MONSTER MUNCH 12pk
Oatly Oat Drink Skinny 1l,Anchor Spreadable 250G,Butterlicious 500g,. Soft Spread 500g,SOFT CREAM CHEESE 200G
Cooking Bacon 500g,Chicken Liver 400g,FRESH PIGS LIVER CW,Lambs Liver CW,
Medium Dry Amontillado Sherry 1L,Brandy 70cl,Courvoisier VS Cognac 70cl,Triple Distilled British Vodka 1L,Sainsbury's Vodka 70cl
Arctic Coffee Latte 330ml,SOFT CREAM CHEESE 200G,Oatly Oat Drink Skinny 1l,Anchor Spreadable 250G,Butterlicious 500g
Daily's Oats 1kg,Rice Pops 375g,Corn Flakes 500g,Nestle Cheerios Honey 370g,Jordans Country Crisp Strawberries 500g
RASPBERRY TURNOVERS 2X65G,Raspberry Trifle 135g,Lemon Cheesecakes 3x100g,GU CHOCOLATE GANACHE MOUSSE 2x70g,Activia Fibre Walnut & Oat Breakfast Gu
Steak & Kidney Puff Pastry Pie 150g,Charlie Bigham's Thai Red Curry 835g,Chicken Casserole 400g,"Pub Fish, Chips and Peas 450g",Cod in Parsley Sauce 400g
Bernard Matthews Turkey Chunks 80g,4 boneless cooked chicken breast 480g,PREMIER DELI OX TONGUE 125g,10 British chicken breast slices 115g,10 British beef slices 115g
4 boneless cooked chicken breast 480g,Bernard Matthews Turkey Chunks 80g,PREMIER DELI OX TONGUE 125g,10 British chicken breast slices 115g,10 British beef slices 115g
Pot Noodle King Pot Beef & Tomato 114g,AHarriott Spice Sensation Couscous 100g,BEANS IN TOMATO SAUCE 400G,Hubbards Spaghetti Rings 400g,Hubbards White Rice 1kg
Triple Distilled British Vodka 1L,Sainsbury's Vodka 70cl,Triple Distilled British Vodka 1.5L,Brandy 70cl,Courvoisier VS Cognac 70cl
Sainsbury's Vodka 70cl,Triple Distilled British Vodka 1L,Triple Distilled British Vodka 1.5L,Brandy 70cl,Courvoisier VS Cognac 70cl
Triple Distilled British Vodka 1.5L,Triple Distilled British Vodka 1L,Sainsbury's Vodka 70cl,Brandy 70cl,Courvoisier VS Cognac 70cl
Easy Peelers 600g,Easy Peeler Single,ORANGES SINGLE,Oranges x5,Large Kiwi Fruit
Easy Peeler Single,Easy Peelers 600g,ORANGES SINGLE,Oranges x5,Large Kiwi Fruit
ORANGES SINGLE,Oranges x5,Easy Peelers 600g,Easy Peeler Single,Large Kiwi Fruit
Oranges x5,ORANGES SINGLE,Easy Peelers 600g,Easy Peeler Single,Large Kiwi Fruit
Chicken Casserole 400g,"Pub Fish, Chips and Peas 450g",Cod in Parsley Sauce 400g,Charlie Bigham's Thai Red Curry 835g,Steak & Kidney Puff Pastry Pie 150g
"Pub Fish, Chips and Peas 450g",Chicken Casserole 400g,Cod in Parsley Sauce 400g,Charlie Bigham's Thai Red Curry 835g,Steak & Kidney Puff Pastry Pie 150g
Cod in Parsley Sauce 400g,Chicken Casserole 400g,"Pub Fish, Chips and Peas 450g",Charlie Bigham's Thai Red Curry 835g,Steak & Kidney Puff Pastry Pie 150g
Anchor Spreadable 250G,Oatly Oat Drink Skinny 1l,Butterlicious 500g,. Soft Spread 500g,SOFT CREAM CHEESE 200G
Mayonnaise 500ml,AHarriott Spice Sensation Couscous 100g,BEANS IN TOMATO SAUCE 400G,Hubbards Spaghetti Rings 400g,Hubbards White Rice 1kg
Mini Cheds Nibblies Cheese & Chive 6pk,DORITOS TANGY CHEESE 5pk,Monster Munch Roast Beef 6pk,WALKERS MONSTER MUNCH 12pk,Walkers Squares Variety pack 12pk
WALKERS MONSTER MUNCH 12pk,Walkers Squares Variety pack 12pk,KP Hula Hoops Original 12x24g,KP Skips Prawn Cocktail 14x13.1g,WALKERS DORITOS MIXED 12X30G
Walkers Squares Variety pack 12pk,WALKERS MONSTER MUNCH 12pk,KP Hula Hoops Original 12x24g,KP Skips Prawn Cocktail 14x13.1g,WALKERS DORITOS MIXED 12X30G
KP Hula Hoops Original 12x24g,WALKERS MONSTER MUNCH 12pk,Walkers Squares Variety pack 12pk,KP Skips Prawn Cocktail 14x13.1g,WALKERS DORITOS MIXED 12X30G
KP Skips Prawn Cocktail 14x13.1g,WALKERS MONSTER MUNCH 12pk,Walkers Squares Variety pack 12pk,KP Hula Hoops Original 12x24g,WALKERS DORITOS MIXED 12X30G
WALKERS DORITOS MIXED 12X30G,WALKERS MONSTER MUNCH 12pk,Walkers Squares Variety pack 12pk,KP Hula Hoops Original 12x24g,KP Skips Prawn Cocktail 14x13.1g
Wotsits 20pk,WALKERS MONSTER MUNCH 12pk,Walkers Squares Variety pack 12pk,KP Hula Hoops Original 12x24g,KP Skips Prawn Cocktail 14x13.1g
WALKERS QUAVERS CHEESE 12x16g,WALKERS MONSTER MUNCH 12pk,Walkers Squares Variety pack 12pk,KP Hula Hoops Original 12x24g,KP Skips Prawn Cocktail 14x13.1g
DORITOS TANGY CHEESE 5pk,Mini Cheds Nibblies Cheese & Chive 6pk,Monster Munch Roast Beef 6pk,WALKERS MONSTER MUNCH 12pk,Walkers Squares Variety pack 12pk
Monster Munch Roast Beef 6pk,Mini Cheds Nibblies Cheese & Chive 6pk,DORITOS TANGY CHEESE 5pk,WALKERS MONSTER MUNCH 12pk,Walkers Squares Variety pack 12pk
Kit Kat dark choc 2 finger 9pk,Kitkat 2 finger choc orange 14pk,Kit Kat 2 Finger Dark Mint 9x20.7g,Kit Kat 2 Finger Caramel Multipack X9,Kit Kat choc orange 2 finger 9 pack
McVitie's Club  Mint x7,McVities Gold Bars 7pk,McVitie's Club Salted Caramel x7,Pick Up Hazelnut,McVitie's Club Orange Chocolate Biscuit
Kitkat 2 finger choc orange 14pk,Kit Kat dark choc 2 finger 9pk,Kit Kat 2 Finger Dark Mint 9x20.7g,Kit Kat 2 Finger Caramel Multipack X9,Kit Kat choc orange 2 finger 9 pack
Kit Kat 2 Finger Dark Mint 9x20.7g,Kit Kat dark choc 2 finger 9pk,Kitkat 2 finger choc orange 14pk,Kit Kat 2 Finger Caramel Multipack X9,Kit Kat choc orange 2 finger 9 pack
McVities Gold Bars 7pk,McVitie's Club  Mint x7,McVitie's Club Salted Caramel x7,Pick Up Hazelnut,McVitie's Club Orange Chocolate Biscuit
Kit Kat 2 Finger Caramel Multipack X9,Kit Kat dark choc 2 finger 9pk,Kitkat 2 finger choc orange 14pk,Kit Kat 2 Finger Dark Mint 9x20.7g,Kit Kat choc orange 2 finger 9 pack
McVitie's Club Salted Caramel x7,McVitie's Club  Mint x7,McVities Gold Bars 7pk,Pick Up Hazelnut,McVitie's Club Orange Chocolate Biscuit
Pick Up Hazelnut,McVitie's Club  Mint x7,McVities Gold Bars 7pk,McVitie's Club Salted Caramel x7,McVitie's Club Orange Chocolate Biscuit
WAGON WHEELS JAMMIE 229g,Kit Kat dark choc 2 finger 9pk,McVitie's Club  Mint x7,Kitkat 2 finger choc orange 14pk,Kit Kat 2 Finger Dark Mint 9x20.7g
Cadbury Timeout 6 pack,Kit Kat dark choc 2 finger 9pk,McVitie's Club  Mint x7,Kitkat 2 finger choc orange 14pk,Kit Kat 2 Finger Dark Mint 9x20.7g
Kit Kat choc orange 2 finger 9 pack,Kit Kat dark choc 2 finger 9pk,Kitkat 2 finger choc orange 14pk,Kit Kat 2 Finger Dark Mint 9x20.7g,Kit Kat 2 Finger Caramel Multipack X9
Twix biscuit 16pkt 320g,Kit Kat dark choc 2 finger 9pk,McVitie's Club  Mint x7,Kitkat 2 finger choc orange 14pk,Kit Kat 2 Finger Dark Mint 9x20.7g
McVitie's Club Orange Chocolate Biscuit,McVitie's Club  Mint x7,McVities Gold Bars 7pk,McVitie's Club Salted Caramel x7,Pick Up Hazelnut
Kit Kat 2 Finger White MPK 9x20.7g,Kit Kat dark choc 2 finger 9pk,Kitkat 2 finger choc orange 14pk,Kit Kat 2 Finger Dark Mint 9x20.7g,Kit Kat 2 Finger Caramel Multipack X9
Wotsits Crunchy Cheese,Walkers Meaty 20pk,Walkers Variety 20pk,Walkers Cheese&Onion 12pk,Mini Cheds Nibblies Cheese & Chive 6pk
Whiskas 1+ complete with chicken 1.9kg,Go Cat senior chicken rice & veg 750g,Whiskas 7+ complete chicken 1.9kg,Go-Cat adult tuna herring & veg 750g,Go-Cat adult chicken & duck 2kg
Go Cat senior chicken rice & veg 750g,Whiskas 1+ complete with chicken 1.9kg,Whiskas 7+ complete chicken 1.9kg,Go-Cat adult tuna herring & veg 750g,Go-Cat adult chicken & duck 2kg
Whiskas 7+ complete chicken 1.9kg,Whiskas 1+ complete with chicken 1.9kg,Go Cat senior chicken rice & veg 750g,Go-Cat adult tuna herring & veg 750g,Go-Cat adult chicken & duck 2kg
Go-Cat adult tuna herring & veg 750g,Whiskas 1+ complete with chicken 1.9kg,Go Cat senior chicken rice & veg 750g,Whiskas 7+ complete chicken 1.9kg,Go-Cat adult chicken & duck 2kg
Go-Cat adult chicken & duck 2kg,Whiskas 1+ complete with chicken 1.9kg,Go Cat senior chicken rice & veg 750g,Whiskas 7+ complete chicken 1.9kg,Go-Cat adult tuna herring & veg 750g
Purina One adult chicken & w/grains 800g,Whiskas 1+ complete with chicken 1.9kg,Go Cat senior chicken rice & veg 750g,Whiskas 7+ complete chicken 1.9kg,Go-Cat adult tuna herring & veg 750g
Go-Cat senior 2kg,Whiskas 1+ complete with chicken 1.9kg,Go Cat senior chicken rice & veg 750g,Whiskas 7+ complete chicken 1.9kg,Go-Cat adult tuna herring & veg 750g
Whiskas 1+ dry cat food chicken 800g,Whiskas 1+ complete with chicken 1.9kg,Go Cat senior chicken rice & veg 750g,Whiskas 7+ complete chicken 1.9kg,Go-Cat adult tuna herring & veg 750g
Rice Pops 375g,Corn Flakes 500g,Nestle Cheerios Honey 370g,Daily's Oats 1kg,Jordans Country Crisp Strawberries 500g
Corn Flakes 500g,Rice Pops 375g,Nestle Cheerios Honey 370g,Daily's Oats 1kg,Jordans Country Crisp Strawberries 500g
Nestle Cheerios Honey 370g,Rice Pops 375g,Corn Flakes 500g,Daily's Oats 1kg,Jordans Country Crisp Strawberries 500g
Chips 1.5 kg,Mixed Vegetables 1kg,Peas 850g,Sweetcorn 950g,Stuffed Crust Pepperoni Pizza 424g
Twinings Everyday 80 Tea Bags 232g,Ovaltine Malted Original Drink 300g,Daily's Oats 1kg,Rice Pops 375g,Corn Flakes 500g
Activia Fibre Walnut & Oat Breakfast Gu,Activia Fusion Blueberry 4x120g,Activia Fibre Apple Cereals Breakfast G,ACTIVIA FUSIONS PRUNE YOGURT 4x120g,Yeo Valley Natural Kefir Yoghurt 950g
Tango Paradise Punch 8x330ml,Old Jamaica ginger beer 1.5L,Diet Pepsi Caffeine Free 2L,Coke 24x330ml,Pepsi Max Cherry 24x330ml
Old Jamaica ginger beer 1.5L,Tango Paradise Punch 8x330ml,Diet Pepsi Caffeine Free 2L,Coke 24x330ml,Pepsi Max Cherry 24x330ml
POLIGRIP FLV FREE DENT FIXATIVE CRM 40G,FIXODENT ADHESIVE CREAM ORIGINAL 40G,Fixodent Dual Power 40g,Tena lady - extra plus duo pack x16,Tena Lady Mini X20
FIXODENT ADHESIVE CREAM ORIGINAL 40G,POLIGRIP FLV FREE DENT FIXATIVE CRM 40G,Fixodent Dual Power 40g,Tena lady - extra plus duo pack x16,Tena Lady Mini X20
Fixodent Dual Power 40g,POLIGRIP FLV FREE DENT FIXATIVE CRM 40G,FIXODENT ADHESIVE CREAM ORIGINAL 40G,Tena lady - extra plus duo pack x16,Tena Lady Mini X20
Nescafe Dolce Gusto Americano 128g,Nestle Dolce Gusto Flat White 187.20g,Nescafe DG Americano Intenso x16 132.8g,Nescafe Dolce Gusto Cappuccino x8 186g,Nescafe DG Latte Macchiato Pods x16
Nestle Dolce Gusto Flat White 187.20g,Nescafe Dolce Gusto Americano 128g,Nescafe DG Americano Intenso x16 132.8g,Nescafe Dolce Gusto Cappuccino x8 186g,Nescafe DG Latte Macchiato Pods x16
Nescafe DG Americano Intenso x16 132.8g,Nescafe Dolce Gusto Americano 128g,Nestle Dolce Gusto Flat White 187.20g,Nescafe Dolce Gusto Cappuccino x8 186g,Nescafe DG Latte Macchiato Pods x16
Nescafe Dolce Gusto Cappuccino x8 186g,Nescafe Dolce Gusto Americano 128g,Nestle Dolce Gusto Flat White 187.20g,Nescafe DG Americano Intenso x16 132.8g,Nescafe DG Latte Macchiato Pods x16
Nescafe DG Latte Macchiato Pods x16,Nescafe Dolce Gusto Americano 128g,Nestle Dolce Gusto Flat White 187.20g,Nescafe DG Americano Intenso x16 132.8g,Nescafe Dolce Gusto Cappuccino x8 186g
Tassimo Cadburys Chocolate Pods 240g,Nescafe Dolce Gusto Americano 128g,Nestle Dolce Gusto Flat White 187.20g,Nescafe DG Americano Intenso x16 132.8g,Nescafe Dolce Gusto Cappuccino x8 186g
Nescafe Dolce Gusto Cafe Au Lait 160g,Nescafe Dolce Gusto Americano 128g,Nestle Dolce Gusto Flat White 187.20g,Nescafe DG Americano Intenso x16 132.8g,Nescafe Dolce Gusto Cappuccino x8 186g
Granny Smith Apples Single,Braeburn apple single,Apples x6,Royal Gala Apple single,Cox Apple Single
Braeburn apple single,Granny Smith Apples Single,Apples x6,Royal Gala Apple single,Cox Apple Single
Apples x6,Royal Gala Apple single,Granny Smith Apples Single,Braeburn apple single,Cox Apple Single
Royal Gala Apple single,Apples x6,Granny Smith Apples Single,Braeburn apple single,Cox Apple Single
Cox Apple Single,Granny Smith Apples Single,Braeburn apple single,Apples x6,Royal Gala Apple single
Butterlicious 500g,. Soft Spread 500g,Oatly Oat Drink Skinny 1l,Anchor Spreadable 250G,SOFT CREAM CHEESE 200G
. Soft Spread 500g,Butterlicious 500g,Oatly Oat Drink Skinny 1l,Anchor Spreadable 250G,SOFT CREAM CHEESE 200G
Red Bull energy drink 4x250ml,Diet Pepsi Caffeine Free 2L,Coke 24x330ml,Pepsi Max Cherry 24x330ml,Pepsi Max cherry 1.25L
Large Pork Sausages 1kg,Beef Burgers x8 397g,Roast Lamb Dinner 400g,Young's Salmon Fillet Dinner 380g,chicken hotpot dinner 400g
Beef Burgers x8 397g,Large Pork Sausages 1kg,Roast Lamb Dinner 400g,Young's Salmon Fillet Dinner 380g,chicken hotpot dinner 400g
Hartleys Raspberry NAS Multi 6x115g,Dole Peaches in Strawberry Jelly 4 x123g,Hubbards Rice Pudding 400g,AHarriott Spice Sensation Couscous 100g,BEANS IN TOMATO SAUCE 400G
Dole Peaches in Strawberry Jelly 4 x123g,Hartleys Raspberry NAS Multi 6x115g,Hubbards Rice Pudding 400g,AHarriott Spice Sensation Couscous 100g,BEANS IN TOMATO SAUCE 400G
Hubbards Rice Pudding 400g,Hartleys Raspberry NAS Multi 6x115g,Dole Peaches in Strawberry Jelly 4 x123g,AHarriott Spice Sensation Couscous 100g,BEANS IN TOMATO SAUCE 400G
Conference Pear Single,Mini Pears 550g,Granny Smith Apples Single,Braeburn apple single,Apples x6
Mini Pears 550g,Conference Pear Single,Granny Smith Apples Single,Braeburn apple single,Apples x6
Co. Carrots 1kg,Large Kiwi Fruit,Easy Peelers 600g,Easy Peeler Single,ORANGES SINGLE
Hubbard's Strawberry Jam 454g,Reduced Sugar Strawberry Jam 415g,Reduced Salt Yeast Extract 225g,Hubbards Peanut Butter 340g,Hubbard'Orange Medium Cut Marmalade 454g
Reduced Sugar Strawberry Jam 415g,Hubbard's Strawberry Jam 454g,Reduced Salt Yeast Extract 225g,Hubbards Peanut Butter 340g,Hubbard'Orange Medium Cut Marmalade 454g
Reduced Salt Yeast Extract 225g,Hubbard's Strawberry Jam 454g,Reduced Sugar Strawberry Jam 415g,Hubbards Peanut Butter 340g,Hubbard'Orange Medium Cut Marmalade 454g
Hubbards Peanut Butter 340g,Hubbard's Strawberry Jam 454g,Reduced Sugar Strawberry Jam 415g,Reduced Salt Yeast Extract 225g,Hubbard'Orange Medium Cut Marmalade 454g
Hubbard'Orange Medium Cut Marmalade 454g,Hubbard's Strawberry Jam 454g,Reduced Sugar Strawberry Jam 415g,Reduced Salt Yeast Extract 225g,Hubbards Peanut Butter 340g
NAS Lime Quad 1.5L,Hubbards Orange Double Con NAS 750ml,Diet Pepsi Caffeine Free 2L,Coke 24x330ml,Pepsi Max Cherry 24x330ml
Hubbards Orange Double Con NAS 750ml,NAS Lime Quad 1.5L,Diet Pepsi Caffeine Free 2L,Coke 24x330ml,Pepsi Max Cherry 24x330ml
Hz Mushroom Soup 4 x 400g,AHarriott Spice Sensation Couscous 100g,BEANS IN TOMATO SAUCE 400G,Hubbards Spaghetti Rings 400g,Hubbards White Rice 1kg
ROASTED MONKEY NUTS IN SHELLS 300G,Mr Porky Scratchings 65g,Roasted Salted Pistachio 150g,ROASTED SALTED PISTACHIOS 300G,Walkers Meaty 20pk
Mr Porky Scratchings 65g,ROASTED MONKEY NUTS IN SHELLS 300G,Roasted Salted Pistachio 150g,ROASTED SALTED PISTACHIOS 300G,Walkers Meaty 20pk
Roasted Salted Pistachio 150g,ROASTED SALTED PISTACHIOS 300G,ROASTED MONKEY NUTS IN SHELLS 300G,Mr Porky Scratchings 65g,Walkers Meaty 20pk
ROASTED SALTED PISTACHIOS 300G,Roasted Salted Pistachio 150g,ROASTED MONKEY NUTS IN SHELLS 300G,Mr Porky Scratchings 65g,Walkers Meaty 20pk
Scottish Skimmed Milk 2 Pint 1.136L,SOFT CREAM CHEESE 200G,Oatly Oat Drink Skinny 1l,Arctic Coffee Latte 330ml,Anchor Spreadable 250G
GREEK STYLE SALAD CHEESE 200G,SOFT CREAM CHEESE 200G,Oatly Oat Drink Skinny 1l,Arctic Coffee Latte 330ml,Anchor Spreadable 250G
Activia Fusion Blueberry 4x120g,Activia Fibre Apple Cereals Breakfast G,ACTIVIA FUSIONS PRUNE YOGURT 4x120g,Yeo Valley Natural Kefir Yoghurt 950g,Actimel Blueberry 8x100g
Activia Fibre Apple Cereals Breakfast G,Activia Fusion Blueberry 4x120g,ACTIVIA FUSIONS PRUNE YOGURT 4x120g,Yeo Valley Natural Kefir Yoghurt 950g,Actimel Blueberry 8x100g
ACTIVIA FUSIONS PRUNE YOGURT 4x120g,Yeo Valley Natural Kefir Yoghurt 950g,Activia Fusion Blueberry 4x120g,Activia Fibre Apple Cereals Breakfast G,Actimel Blueberry 8x100g
Yeo Valley Natural Kefir Yoghurt 950g,ACTIVIA FUSIONS PRUNE YOGURT 4x120g,Activia Fusion Blueberry 4x120g,Activia Fibre Apple Cereals Breakfast G,Actimel Blueberry 8x100g
Actimel Blueberry 8x100g,Activia Fusion Blueberry 4x120g,Activia Fibre Apple Cereals Breakfast G,ACTIVIA FUSIONS PRUNE YOGURT 4x120g,Yeo Valley Natural Kefir Yoghurt 950g
BENECOL BLUEBERRY 6X67.5G,Activia Fusion Blueberry 4x120g,Activia Fibre Apple Cereals Breakfast G,ACTIVIA FUSIONS PRUNE YOGURT 4x120g,Yeo Valley Natural Kefir Yoghurt 950g
8 Wholemeal Tortilla Wraps,6 Wholemeal Muffins,White Bread Medium 800g,Soft White Farmhouse 800g,Wholemeal Medium 800g
Grapes 500g,Large Kiwi Fruit,Easy Peelers 600g,Easy Peeler Single,ORANGES SINGLE
GU CHOCOLATE GANACHE MOUSSE 2x70g,Raspberry Trifle 135g,Lemon Cheesecakes 3x100g,RASPBERRY TURNOVERS 2X65G,Activia Fibre Walnut & Oat Breakfast Gu
Jordans Country Crisp Strawberries 500g,Jordans Country Crisp Raspberry 500g,Daily's Simply Muesli 1kg,Daily's Oats 1kg,Rice Pops 375g
Daily's Simply Muesli 1kg,Jordans Country Crisp Strawberries 500g,Jordans Country Crisp Raspberry 500g,Daily's Oats 1kg,Rice Pops 375g
Jordans Country Crisp Raspberry 500g,Jordans Country Crisp Strawberries 500g,Daily's Simply Muesli 1kg,Daily's Oats 1kg,Rice Pops 375g
Panadol Extra Advance x14,Panadol Extra soluble x24,Panadol Advance tablets x16,Gaviscon Double Action tablets x48,Tena lady - extra plus duo pack x16
Panadol Extra soluble x24,Panadol Extra Advance x14,Panadol Advance tablets x16,Gaviscon Double Action tablets x48,Tena lady - extra plus duo pack x16
Panadol Advance tablets x16,Panadol Extra Advance x14,Panadol Extra soluble x24,Gaviscon Double Action tablets x48,Tena lady - extra plus duo pack x16
Dickinson & Morris Single Pork Pie 140g,Houmous 200g,Charlie Bigham's Thai Red Curry 835g,Steak & Kidney Puff Pastry Pie 150g,Chicken Casserole 400g
Strawberry&Kiwi Still Water 4x500ml,Diet Pepsi Caffeine Free 2L,Coke 24x330ml,Pepsi Max Cherry 24x330ml,Pepsi Max cherry 1.25L
House Sauvignon Blanc 75cl,House Soave 75cl,House Malbec 225cl,House Cabernet Sauvignon 225cl,Caminada Malbec 75cl
House Malbec 225cl,House Cabernet Sauvignon 225cl,House Sauvignon Blanc 75cl,House Soave 75cl,Caminada Malbec 75cl
House Soave 75cl,House Sauvignon Blanc 75cl,House Malbec 225cl,House Cabernet Sauvignon 225cl,Caminada Malbec 75cl
House Cabernet Sauvignon 225cl,House Malbec 225cl,House Sauvignon Blanc 75cl,House Soave 75cl,Caminada Malbec 75cl
Sainsbury's Apple Shampoo 500ml,Tena lady - extra plus duo pack x16,Tena Lady Mini X20,Tena lady - extra duo pack x20,TENA LADY MAXI NIGHT x6
GoodBoy compostable poop bags x50,dog waste bags x75,meaty rolls x15 135g,Good Boy chicken bites 65g,doggy donuts with chicken 200g
dog waste bags x75,GoodBoy compostable poop bags x50,meaty rolls x15 135g,Good Boy chicken bites 65g,doggy donuts with chicken 200g
Houmous 200g,Dickinson & Morris Single Pork Pie 140g,Charlie Bigham's Thai Red Curry 835g,Steak & Kidney Puff Pastry Pie 150g,Chicken Casserole 400g
Xmas Mixed Nuts 225g,Xmas Brazil Nuts 250g,Large Kiwi Fruit,Easy Peelers 600g,Easy Peeler Single
Xmas Brazil Nuts 250g,Xmas Mixed Nuts 225g,Large Kiwi Fruit,Easy Peelers 600g,Easy Peeler Single
Co. Potatoes 2.5kg,Large Kiwi Fruit,Easy Peelers 600g,Easy Peeler Single,ORANGES SINGLE
TTD Chicken & Bacon Pasta Bake 375g,Charlie Bigham's Thai Red Curry 835g,Steak & Kidney Puff Pastry Pie 150g,Chicken Casserole 400g,"Pub Fish, Chips and Peas 450g"
Roast Lamb Dinner 400g,chicken hotpot dinner 400g,Young's Salmon Fillet Dinner 380g,Large Pork Sausages 1kg,Beef Burgers x8 397g
Young's Salmon Fillet Dinner 380g,Roast Lamb Dinner 400g,chicken hotpot dinner 400g,Large Pork Sausages 1kg,Beef Burgers x8 397g
chicken hotpot dinner 400g,Roast Lamb Dinner 400g,Young's Salmon Fillet Dinner 380g,Large Pork Sausages 1kg,Beef Burgers x8 397g
Hubbards Pasta Shapes 1kg,AHarriott Spice Sensation Couscous 100g,BEANS IN TOMATO SAUCE 400G,Hubbards Spaghetti Rings 400g,Hubbards White Rice 1kg
CREAM CRACKER 300G,Kit Kat dark choc 2 finger 9pk,McVitie's Club  Mint x7,Kitkat 2 finger choc orange 14pk,Kit Kat 2 Finger Dark Mint 9x20.7g
yoghurts 4x125g,TTD COFFEE MOUSSE 100G,Activia Fibre Walnut & Oat Breakfast Gu,Activia Fusion Blueberry 4x120g,Activia Fibre Apple Cereals Breakfast G
TTD COFFEE MOUSSE 100G,yoghurts 4x125g,Activia Fibre Walnut & Oat Breakfast Gu,Activia Fusion Blueberry 4x120g,Activia Fibre Apple Cereals Breakfast G
Hubbard's Peach Slices 411g,AHarriott Spice Sensation Couscous 100g,BEANS IN TOMATO SAUCE 400G,Hubbards Spaghetti Rings 400g,Hubbards White Rice 1kg
Bio Catolet paper cat litter 12L,odour control cat litter 10L,Catsan hygiene cat litter 20L,Cat Litter 10L,Felight anti-bacterial cat litter 10L
odour control cat litter 10L,Bio Catolet paper cat litter 12L,Catsan hygiene cat litter 20L,Cat Litter 10L,Felight anti-bacterial cat litter 10L
Catsan hygiene cat litter 20L,Bio Catolet paper cat litter 12L,odour control cat litter 10L,Cat Litter 10L,Felight anti-bacterial cat litter 10L
Cat Litter 10L,Bio Catolet paper cat litter 12L,odour control cat litter 10L,Catsan hygiene cat litter 20L,Felight anti-bacterial cat litter 10L
Felight anti-bacterial cat litter 10L,Bio Catolet paper cat litter 12L,odour control cat litter 10L,Catsan hygiene cat litter 20L,Cat Litter 10L
anti-bac ultra clumping cat litter 8L,Bio Catolet paper cat litter 12L,odour control cat litter 10L,Catsan hygiene cat litter 20L,Cat Litter 10L
Felight anti-bacterial cat litter 20L,Bio Catolet paper cat litter 12L,odour control cat litter 10L,Catsan hygiene cat litter 20L,Cat Litter 10L
Catsan hygiene cat litter 10L,Bio Catolet paper cat litter 12L,odour control cat litter 10L,Catsan hygiene cat litter 20L,Cat Litter 10L
recycled FSC wood cat litter 10L,Bio Catolet paper cat litter 12L,odour control cat litter 10L,Catsan hygiene cat litter 20L,Cat Litter 10L
Digestive Biscuits 400g,Kit Kat dark choc 2 finger 9pk,McVitie's Club  Mint x7,Kitkat 2 finger choc orange 14pk,Kit Kat 2 Finger Dark Mint 9x20.7g
Rocket Lollies 8pkt 464ml,Mixed Vegetables 1kg,Peas 850g,Sweetcorn 950g,Stuffed Crust Pepperoni Pizza 424g
Webbox Lick-e-Lix liver & grass 5x15g,Whiskas temptations chicken & cheese 60g,Webbox chckn & liver tasty sticks x6 30g,Dreamies cat treats chicken 60g,Webbox turkey & lamb tasty sticks x6 30g
Whiskas temptations chicken & cheese 60g,Webbox Lick-e-Lix liver & grass 5x15g,Webbox chckn & liver tasty sticks x6 30g,Dreamies cat treats chicken 60g,Webbox turkey & lamb tasty sticks x6 30g
Webbox chckn & liver tasty sticks x6 30g,Webbox Lick-e-Lix liver & grass 5x15g,Whiskas temptations chicken & cheese 60g,Dreamies cat treats chicken 60g,Webbox turkey & lamb tasty sticks x6 30g
Dreamies cat treats chicken 60g,Webbox Lick-e-Lix liver & grass 5x15g,Whiskas temptations chicken & cheese 60g,Webbox chckn & liver tasty sticks x6 30g,Webbox turkey & lamb tasty sticks x6 30g
Webbox turkey & lamb tasty sticks x6 30g,Webbox Lick-e-Lix liver & grass 5x15g,Whiskas temptations chicken & cheese 60g,Webbox chckn & liver tasty sticks x6 30g,Dreamies cat treats chicken 60g
Webbox cat sticks with duck x6 30g,Webbox Lick-e-Lix liver & grass 5x15g,Whiskas temptations chicken & cheese 60g,Webbox chckn & liver tasty sticks x6 30g,Dreamies cat treats chicken 60g
snack pockets cheese 65g,Webbox Lick-e-Lix liver & grass 5x15g,Whiskas temptations chicken & cheese 60g,Webbox chckn & liver tasty sticks x6 30g,Dreamies cat treats chicken 60g
Felix goody bag original/party mix 200g,Webbox Lick-e-Lix liver & grass 5x15g,Whiskas temptations chicken & cheese 60g,Webbox chckn & liver tasty sticks x6 30g,Dreamies cat treats chicken 60g
deli sticks salmon & trout x10 50g,Webbox Lick-e-Lix liver & grass 5x15g,Whiskas temptations chicken & cheese 60g,Webbox chckn & liver tasty sticks x6 30g,Dreamies cat treats chicken 60g
Webbox salmon & trout tasty stick x6 30g,Webbox Lick-e-Lix liver & grass 5x15g,Whiskas temptations chicken & cheese 60g,Webbox chckn & liver tasty sticks x6 30g,Dreamies cat treats chicken 60g
Dreamies cat treats chicken & duck 60g,Webbox Lick-e-Lix liver & grass 5x15g,Whiskas temptations chicken & cheese 60g,Webbox chckn & liver tasty sticks x6 30g,Dreamies cat treats chicken 60g
Webbox lick-e-lix chicken 5x15g,Webbox Lick-e-Lix liver & grass 5x15g,Whiskas temptations chicken & cheese 60g,Webbox chckn & liver tasty sticks x6 30g,Dreamies cat treats chicken 60g
Dreamies cat treats tuna salmon mix 60g,Webbox Lick-e-Lix liver & grass 5x15g,Whiskas temptations chicken & cheese 60g,Webbox chckn & liver tasty sticks x6 30g,Dreamies cat treats chicken 60g
Felix goody bag seaside/ocean mix 60g,Webbox Lick-e-Lix liver & grass 5x15g,Whiskas temptations chicken & cheese 60g,Webbox chckn & liver tasty sticks x6 30g,Dreamies cat treats chicken 60g
snack pockets with chicken 65g,Webbox Lick-e-Lix liver & grass 5x15g,Whiskas temptations chicken & cheese 60g,Webbox chckn & liver tasty sticks x6 30g,Dreamies cat treats chicken 60g
snack pockets with trky/beef/duck 65g,Webbox Lick-e-Lix liver & grass 5x15g,Whiskas temptations chicken & cheese 60g,Webbox chckn & liver tasty sticks x6 30g,Dreamies cat treats chicken 60g
snack pockets catnip 65g,Webbox Lick-e-Lix liver & grass 5x15g,Whiskas temptations chicken & cheese 60g,Webbox chckn & liver tasty sticks x6 30g,Dreamies cat treats chicken 60g
Felix goody bag seaside mix 200g,Webbox Lick-e-Lix liver & grass 5x15g,Whiskas temptations chicken & cheese 60g,Webbox chckn & liver tasty sticks x6 30g,Dreamies cat treats chicken 60g
Felix goody bag mixed grill 60g,Webbox Lick-e-Lix liver & grass 5x15g,Whiskas temptations chicken & cheese 60g,Webbox chckn & liver tasty sticks x6 30g,Dreamies cat treats chicken 60g
Whiskas dentabites chicken 50g,Webbox Lick-e-Lix liver & grass 5x15g,Whiskas temptations chicken & cheese 60g,Webbox chckn & liver tasty sticks x6 30g,Dreamies cat treats chicken 60g
snack pockets with salmon 65g,Webbox Lick-e-Lix liver & grass 5x15g,Whiskas temptations chicken & cheese 60g,Webbox chckn & liver tasty sticks x6 30g,Dreamies cat treats chicken 60g
cat milk 3x200ml,Webbox Lick-e-Lix liver & grass 5x15g,Whiskas temptations chicken & cheese 60g,Webbox chckn & liver tasty sticks x6 30g,Dreamies cat treats chicken 60g
Webbox lick-e-lix salmon 5x15g,Webbox Lick-e-Lix liver & grass 5x15g,Whiskas temptations chicken & cheese 60g,Webbox chckn & liver tasty sticks x6 30g,Dreamies cat treats chicken 60g
Dreamies cat treats cheese 60g,Webbox Lick-e-Lix liver & grass 5x15g,Whiskas temptations chicken & cheese 60g,Webbox chckn & liver tasty sticks x6 30g,Dreamies cat treats chicken 60g
Dreamies cat treats beef 60g,Webbox Lick-e-Lix liver & grass 5x15g,Whiskas temptations chicken & cheese 60g,Webbox chckn & liver tasty sticks x6 30g,Dreamies cat treats chicken 60g
Dreamies cat treats salmon 60g,Webbox Lick-e-Lix liver & grass 5x15g,Whiskas temptations chicken & cheese 60g,Webbox chckn & liver tasty sticks x6 30g,Dreamies cat treats chicken 60g
deli sticks chicken & liver x10 50g,Webbox Lick-e-Lix liver & grass 5x15g,Whiskas temptations chicken & cheese 60g,Webbox chckn & liver tasty sticks x6 30g,Dreamies cat treats chicken 60g
wildbird suet balls x10,wildbird seed mix 4kg,wildbird seed mix 750g,wildbird peanuts 750g,Felix AGAIL senior meat selectn 12x100g
wildbird seed mix 4kg,wildbird suet balls x10,wildbird seed mix 750g,wildbird peanuts 750g,Felix AGAIL senior meat selectn 12x100g
wildbird seed mix 750g,wildbird suet balls x10,wildbird seed mix 4kg,wildbird peanuts 750g,Felix AGAIL senior meat selectn 12x100g
wildbird peanuts 750g,wildbird suet balls x10,wildbird seed mix 4kg,wildbird seed mix 750g,Felix AGAIL senior meat selectn 12x100g
comn for seniors meat in jelly 6x400g,comn meat selectn in jelly 12x400g,comn meaty loaf selection 6x400g,Pedigree meaty meals in jelly 6x385g,Butcher's simply gentle cans 6x390g
Cesar classic terrine mix 8x150g,Winalot perfect portions pouches 40x100g,Lily's Kitchen chkn trky casserole 150g,Cesar country stew selection 8x150g,comn for seniors meat in jelly 6x400g
comn meat selectn in jelly 12x400g,comn for seniors meat in jelly 6x400g,comn meaty loaf selection 6x400g,Pedigree meaty meals in jelly 6x385g,Butcher's simply gentle cans 6x390g
comn meaty loaf selection 6x400g,comn for seniors meat in jelly 6x400g,comn meat selectn in jelly 12x400g,Pedigree meaty meals in jelly 6x385g,Butcher's simply gentle cans 6x390g
Winalot perfect portions pouches 40x100g,Cesar classic terrine mix 8x150g,Lily's Kitchen chkn trky casserole 150g,Cesar country stew selection 8x150g,comn for seniors meat in jelly 6x400g
Pedigree meaty meals in jelly 6x385g,comn for seniors meat in jelly 6x400g,comn meat selectn in jelly 12x400g,comn meaty loaf selection 6x400g,Butcher's simply gentle cans 6x390g
Butcher's simply gentle cans 6x390g,comn for seniors meat in jelly 6x400g,comn meat selectn in jelly 12x400g,comn meaty loaf selection 6x400g,Pedigree meaty meals in jelly 6x385g
comn meat selectn in gravy 12x400g,comn for seniors meat in jelly 6x400g,comn meat selectn in jelly 12x400g,comn meaty loaf selection 6x400g,Pedigree meaty meals in jelly 6x385g
Lily's Kitchen chkn trky casserole 150g,Cesar classic terrine mix 8x150g,Winalot perfect portions pouches 40x100g,Cesar country stew selection 8x150g,comn for seniors meat in jelly 6x400g
Butcher's tripe loaf recipes 12x400g,comn for seniors meat in jelly 6x400g,comn meat selectn in jelly 12x400g,comn meaty loaf selection 6x400g,Pedigree meaty meals in jelly 6x385g
Cesar country stew selection 8x150g,Cesar classic terrine mix 8x150g,Winalot perfect portions pouches 40x100g,Lily's Kitchen chkn trky casserole 150g,comn for seniors meat in jelly 6x400g
DIET INDIAN TONIC WATER 1L,Diet Pepsi Caffeine Free 2L,Coke 24x330ml,Pepsi Max Cherry 24x330ml,Pepsi Max cherry 1.25L
Gaviscon Double Action tablets x48,Panadol Extra Advance x14,Panadol Extra soluble x24,Panadol Advance tablets x16,Tena lady - extra plus duo pack x16
Kronenbourg 1664 15x440ml,Budweiser 18x440ml,Stella Artois 18x440ml,Carling Lager 18x440ml,Fosters 18x440ml
Carling Lager 18x440ml,Fosters 18x440ml,Fosters 12x440ml,Kronenbourg 1664 15x440ml,Heineken 15x440ml
Fosters 18x440ml,Carling Lager 18x440ml,Fosters 12x440ml,Kronenbourg 1664 15x440ml,Heineken 15x440ml
Heineken 15x440ml,Kronenbourg 1664 15x440ml,Carling Lager 18x440ml,Fosters 18x440ml,Fosters 12x440ml
Fosters 12x440ml,Carling Lager 18x440ml,Fosters 18x440ml,Kronenbourg 1664 15x440ml,Heineken 15x440ml
Budweiser 18x440ml,Kronenbourg 1664 15x440ml,Stella Artois 18x440ml,Carling Lager 18x440ml,Fosters 18x440ml
Stella Artois 18x440ml,Kronenbourg 1664 15x440ml,Budweiser 18x440ml,Carling Lager 18x440ml,Fosters 18x440ml
adult comn with chicken & veg 2.5kg,adult comn with chicken & veg 5kg,senior comn with chicken & rice 2.5kg,meaty rolls x15 135g,Good Boy chicken bites 65g
adult comn with chicken & veg 5kg,adult comn with chicken & veg 2.5kg,senior comn with chicken & rice 2.5kg,meaty rolls x15 135g,Good Boy chicken bites 65g
senior comn with chicken & rice 2.5kg,adult comn with chicken & veg 2.5kg,adult comn with chicken & veg 5kg,meaty rolls x15 135g,Good Boy chicken bites 65g
PREMIER DELI OX TONGUE 125g,10 British chicken breast slices 115g,10 British beef slices 115g,Bernard Matthews Turkey Chunks 80g,4 boneless cooked chicken breast 480g
10 British chicken breast slices 115g,10 British beef slices 115g,PREMIER DELI OX TONGUE 125g,Bernard Matthews Turkey Chunks 80g,4 boneless cooked chicken breast 480g
10 British beef slices 115g,10 British chicken breast slices 115g,PREMIER DELI OX TONGUE 125g,Bernard Matthews Turkey Chunks 80g,4 boneless cooked chicken breast 480g
Balance Red Fruit 375g,Klg Spec K Red Berries 330g,Klg Spec K Peach & Apricot 360g,Kellogg's Special K Red Berries 500g,Kellogg's Just Right 500g
Kellogg's Just Right 500g,Kellogg's Fruit n Fibre 375g,Balance Red Fruit 375g,Klg Spec K Red Berries 330g,Klg Spec K Peach & Apricot 360g
Klg Spec K Red Berries 330g,Balance Red Fruit 375g,Klg Spec K Peach & Apricot 360g,Kellogg's Special K Red Berries 500g,Kellogg's Just Right 500g
Kellogg's Fruit n Fibre 375g,Kellogg's Just Right 500g,Balance Red Fruit 375g,Klg Spec K Red Berries 330g,Klg Spec K Peach & Apricot 360g
Klg Spec K Peach & Apricot 360g,Balance Red Fruit 375g,Klg Spec K Red Berries 330g,Kellogg's Special K Red Berries 500g,Kellogg's Just Right 500g
Kellogg's Wheats Apricot 500g,Balance Red Fruit 375g,Kellogg's Just Right 500g,Klg Spec K Red Berries 330g,Kellogg's Fruit n Fibre 375g
Kellogg's Special K Red Berries 500g,Balance Red Fruit 375g,Klg Spec K Red Berries 330g,Klg Spec K Peach & Apricot 360g,Kellogg's Just Right 500g
Js Broccoli Chse/tomato Ind quiche 170g,Cheese & Onion Quiche 170g,Cheese and Onion Quiche 400g,Charlie Bigham's Thai Red Curry 835g,Steak & Kidney Puff Pastry Pie 150g
Cheese & Onion Quiche 170g,Js Broccoli Chse/tomato Ind quiche 170g,Cheese and Onion Quiche 400g,Charlie Bigham's Thai Red Curry 835g,Steak & Kidney Puff Pastry Pie 150g
Cheese and Onion Quiche 400g,Js Broccoli Chse/tomato Ind quiche 170g,Cheese & Onion Quiche 170g,Charlie Bigham's Thai Red Curry 835g,Steak & Kidney Puff Pastry Pie 150g
Landlord Pale Ale 500ml nrb,Birra Moretti 660ml,Peroni Nastro Azzurro 620ml,Peroni 18x330ml,Birra Moretti Can 10x330ml
NESCAFE ORIGINAL COFFEE 300G,Nescafe Original 3in1 102g,Nescafe Cafe Irish Cream Latte 158g,L'OR Intense Coffee 150g,Nescafe Dolce Gusto Americano 128g
Nescafe Original 3in1 102g,NESCAFE ORIGINAL COFFEE 300G,Nescafe Cafe Irish Cream Latte 158g,L'OR Intense Coffee 150g,Nescafe Dolce Gusto Americano 128g
Nescafe Cafe Irish Cream Latte 158g,NESCAFE ORIGINAL COFFEE 300G,Nescafe Original 3in1 102g,L'OR Intense Coffee 150g,Nescafe Dolce Gusto Americano 128g
L'OR Intense Coffee 150g,NESCAFE ORIGINAL COFFEE 300G,Nescafe Original 3in1 102g,Nescafe Cafe Irish Cream Latte 158g,Nescafe Dolce Gusto Americano 128g
Natural Yoghurt 500g,Activia Fibre Walnut & Oat Breakfast Gu,Activia Fusion Blueberry 4x120g,Activia Fibre Apple Cereals Breakfast G,ACTIVIA FUSIONS PRUNE YOGURT 4x120g
Dairy Pride UHT Skimmed Milk 1l,SOFT CREAM CHEESE 200G,Oatly Oat Drink Skinny 1l,Arctic Coffee Latte 330ml,Anchor Spreadable 250G
Dairy Pride Semi Skimmed UHT Milk 1ltr,SOFT CREAM CHEESE 200G,Oatly Oat Drink Skinny 1l,Arctic Coffee Latte 330ml,Anchor Spreadable 250G
Rizla Regular Green x 5 Multi Pack,Tena Lady Mini X20,Tena lady - extra duo pack x20,TENA LADY MAXI NIGHT x6,Tena Lady Discreet Normal x16pc
Swan Extra Slim Filter Tips X120,Original Dry Cider 2lt,Original Dry Cider 4x440ml,Thatchers Gold 10x440ml,Birra Moretti 660ml
LITTLE ONES DRY FIT  6+EP 30,Tena Lady Mini X20,Tena lady - extra duo pack x20,TENA LADY MAXI NIGHT x6,Tena Lady Discreet Normal x16pc
TV TIMES 22/23,Tena lady - extra plus duo pack x16,Tena Lady Mini X20,Tena lady - extra duo pack x20,TENA LADY MAXI NIGHT x6
Strawberry &Vanilla Roll,Reduced Sugar Strawberry Jam 415g,Reduced Salt Yeast Extract 225g,Hubbards Peanut Butter 340g,Hubbard'Orange Medium Cut Marmalade 454g
Fairy Cakes X12,Raspberry Trifle 135g,RASPBERRY TURNOVERS 2X65G,GU CHOCOLATE GANACHE MOUSSE 2x70g,Activia Fibre Walnut & Oat Breakfast Gu
Mini Rolls 102g,Good Boy chicken bites 65g,doggy donuts with chicken 200g,biscuit rolls with beef 550g,mini log bones with chicken 200g
TAKE A BREAK,Kit Kat dark choc 2 finger 9pk,McVitie's Club  Mint x7,Kitkat 2 finger choc orange 14pk,Kit Kat 2 Finger Dark Mint 9x20.7g
Lamb Breast CW,Chicken Liver 400g,FRESH PIGS LIVER CW,Cooking Bacon 500g,
Dettol antiseptic disinfectant 750ml,Tena lady - extra plus duo pack x16,Tena Lady Mini X20,Tena lady - extra duo pack x20,TENA LADY MAXI NIGHT x6
BRITISH LARGE PORK SHOULDER JOINT CW,Beef Burgers x8 397g,Roast Lamb Dinner 400g,Young's Salmon Fillet Dinner 380g,chicken hotpot dinner 400g
ADW Ultimate Lem 262g 20 washes,meaty rolls x15 135g,Good Boy chicken bites 65g,doggy donuts with chicken 200g,biscuit rolls with beef 550g
White Fish Fillets 520g,Roast Lamb Dinner 400g,chicken hotpot dinner 400g,Large Pork Sausages 1kg,Beef Burgers x8 397g
Comfort creations strawberry lily 30w,AHarriott Spice Sensation Couscous 100g,BEANS IN TOMATO SAUCE 400G,Hubbards Spaghetti Rings 400g,Hubbards White Rice 1kg
Mixed Portions Pack 2kg,Peas 850g,Sweetcorn 950g,Stuffed Crust Pepperoni Pizza 424g,Chips 1.5 kg
Js Frozen Chicken Liver Pots 250g,Webbox Lick-e-Lix liver & grass 5x15g,Whiskas temptations chicken & cheese 60g,Webbox chckn & liver tasty sticks x6 30g,Dreamies cat treats chicken 60g
Regina Blitz x4,Tena lady - extra plus duo pack x16,Tena Lady Mini X20,Tena lady - extra duo pack x20,Tena Lady Discreet Normal x16pc
